レディース／ルイヴィトン1,1000,レディース／ルイ ヴィトン1,ルイ ヴィトン,1,244,1,1,1,1
レディース／ルイヴィトン2,2000,レディース／ルイ ヴィトン2,ルイ ヴィトン,2,244,3,1,1,1
レディース／ルイヴィトン3,3000,レディース／ルイ ヴィトン3,ルイ ヴィトン,3,244,3,2,1,2
レディース／ルイヴィトン4,4000,レディース／ルイ ヴィトン4,ルイ ヴィトン,4,244,1,2,1,2
メンズ／シュプリーム1,1000,メンズ／シュプリーム1,シュプリーム,5,407,1,2,1,2
メンズ／シュプリーム2,2000,メンズ／シュプリーム2,シュプリーム,6,407,2,1,1,3
メンズ／シュプリーム3,3000,メンズ／シュプリーム3,シュプリーム,7,407,2,1,1,3
メンズ／シュプリーム4,4000,メンズ／シュプリーム4,シュプリーム,8,407,1,3,1,3
ベビー・キッズ／ナイキ1,1000,ベビー・キッズ／ナイキ1,ナイキ,9,535,4,1,1,6
ベビー・キッズ／ナイキ2,2000,ベビー・キッズ／ナイキ2,ナイキ,10,535,4,3,1,6
ベビー・キッズ／ナイキ3,3000,ベビー・キッズ／ナイキ3,ナイキ,11,535,1,1,1,12
ベビー・キッズ／ナイキ4,4000,ベビー・キッズ／ナイキ4,ナイキ,12,535,1,1,1,12
コスメ・香水・美容／シャネル1,1000,コスメ・香水・美容／シャネル1,シャネル,13,907,1,1,1,4
コスメ・香水・美容／シャネル2,2000,コスメ・香水・美容／シャネル2,シャネル,14,907,1,1,1,4
コスメ・香水・美容／シャネル3,3000,コスメ・香水・美容／シャネル3,シャネル,15,907,1,1,1,5
コスメ・香水・美容／シャネル4,4000,コスメ・香水・美容／シャネル4,シャネル,16,907,1,1,1,5